<?xml version="1.0" encoding="utf-8"?>
<feed xmlns="http://www.w3.org/2005/Atom">

 <title>My Lanyon Blog</title>
 <link href="http://localhost:4000/atom.xml" rel="self"/>
 <link href="http://localhost:4000/"/>
 <updated>2016-12-07T22:31:37+01:00</updated>
 <id>http://localhost:4000</id>
 <author>
   <name>Christoph Schürz</name>
   <email></email>
 </author>

 
 <entry>
   <title>Getting Started with Knitr-Lanyon</title>
   <link href="http://localhost:4000/2015/12/13/knitr-lanyon-getting-started.html"/>
   <updated>2015-12-13T21:00:00+01:00</updated>
   <id>http://localhost:4000/2015/12/13/knitr-lanyon-getting-started</id>
   <content type="html">&lt;h2 id=&quot;introduction&quot;&gt;Introduction&lt;/h2&gt;

&lt;p&gt;The aim of this project is to help students and colleagues who for some reason want to blog on R-related topics.  If you have a particular Git Hub project that deals with R and you want to blog about your work as it develops, or if you simply want to blog about R in general, then you can use the material from my &lt;a href=&quot;https://github.com/homerhanumat/knitr-lanyon&quot;&gt;&lt;code class=&quot;highlighter-rouge&quot;&gt;knitr-lanyon&lt;/code&gt;&lt;/a&gt; repository to set up, with minimal fuss, a Jekyll-powered site with good styling borrowed from Mark Otto’s &lt;a href=&quot;https://github.com/poole/lanyon&quot;&gt;Lanyon project&lt;/a&gt;.  With help from Yihui Xie’s &lt;a href=&quot;https://github.com/yihui/servr&quot;&gt;&lt;code class=&quot;highlighter-rouge&quot;&gt;servr&lt;/code&gt;&lt;/a&gt; package and &lt;a href=&quot;https://github.com/yihui/knitr-jekyll&quot;&gt;knitr-jekyll&lt;/a&gt; code you ‘ll be able to write your posts in R Markdown, build and preview the site locally, and push to your Git Hub Pages site when you are ready.&lt;/p&gt;

&lt;p&gt;I have tried to minimize what you need to know about Jekyll (and web development generally) in order to get going.  You can learn more about Jekyll when it suits you and eventually make thorough-going alterations to my blog-template, but for now I want you to be able to concentrate on getting your content out there to a waiting public.&lt;/p&gt;

&lt;h2 id=&quot;preliminaries&quot;&gt;Preliminaries&lt;/h2&gt;

&lt;h3 id=&quot;platform&quot;&gt;Platform&lt;/h3&gt;

&lt;p&gt;Jekyll is not officially supported on Windows, so you had best try this with Mac OSX, or with a Linux distribution.  (Either way works well, in my experience.)  But if you are determined to give it a try on Windows, consult the documentation &lt;a href=&quot;http://jekyllrb.com/docs/windows/&quot;&gt;here&lt;/a&gt;.&lt;/p&gt;

&lt;h3 id=&quot;get-my-files&quot;&gt;Get My Files&lt;/h3&gt;

&lt;p&gt;Consult the &lt;a href=&quot;https://pages.github.com/&quot;&gt;Github Pages guide&lt;/a&gt;.  Decide whether you want a general user site or a site associated with a partcular project repository.&lt;/p&gt;

&lt;h4 id=&quot;getting-files-for-a-project-site&quot;&gt;Getting Files for a Project Site&lt;/h4&gt;

&lt;p&gt;If you don’t already have an existing project but want a project-associated site, then fork my &lt;a href=&quot;https://github.com/homerhanumat/knitr-lanyon&quot;&gt;knitr-lanyon&lt;/a&gt; repository from Git Hub, rename it as you wish and then clone it on your own machine.&lt;/p&gt;

&lt;p&gt;If you are using R Studio, then you could accomplish this by creating a new project under version control.  The final step of this process clones from your remote site on Github, and you find yourself in the new project on the master branch.  Click on the Git tab and then the More menu, and open a shell.  You will be in the root directory of your project.  Run these commands:&lt;/p&gt;

&lt;figure class=&quot;highlight&quot;&gt;&lt;pre&gt;&lt;code class=&quot;language-r&quot; data-lang=&quot;r&quot;&gt;&lt;span class=&quot;n&quot;&gt;git&lt;/span&gt;&lt;span class=&quot;w&quot;&gt; &lt;/span&gt;&lt;span class=&quot;n&quot;&gt;fetch&lt;/span&gt;&lt;span class=&quot;w&quot;&gt;
&lt;/span&gt;&lt;span class=&quot;n&quot;&gt;git&lt;/span&gt;&lt;span class=&quot;w&quot;&gt; &lt;/span&gt;&lt;span class=&quot;n&quot;&gt;checkout&lt;/span&gt;&lt;span class=&quot;w&quot;&gt; &lt;/span&gt;&lt;span class=&quot;n&quot;&gt;gh&lt;/span&gt;&lt;span class=&quot;o&quot;&gt;-&lt;/span&gt;&lt;span class=&quot;n&quot;&gt;pages&lt;/span&gt;&lt;/code&gt;&lt;/pre&gt;&lt;/figure&gt;

&lt;p&gt;and then exit the shell.  You will now be in the local &lt;code class=&quot;highlighter-rouge&quot;&gt;gh-pages&lt;/code&gt; branch of your project.  All of your blogging work will be done in this branch.  When you want to do actual project work, switch to the master branch.&lt;/p&gt;

&lt;p&gt;If you already have a project repository on Git Hub and want a site associated with it, then simply create a &lt;code class=&quot;highlighter-rouge&quot;&gt;gh-pages&lt;/code&gt; branch, delete all of the files, download a &lt;a href=&quot;https://github.com/homerhanumat/knitr-lanyon/archive/gh-pages.zip&quot;&gt;zip file&lt;/a&gt; of my &lt;code class=&quot;highlighter-rouge&quot;&gt;gh-pages&lt;/code&gt; branch and extract it into your repo while you have your &lt;code class=&quot;highlighter-rouge&quot;&gt;gh-pages&lt;/code&gt; branch checked out.&lt;/p&gt;

&lt;h4 id=&quot;getting-files-for-a-user-site&quot;&gt;Getting Files for a User Site&lt;/h4&gt;

&lt;p&gt;Having created your user respository (&lt;code class=&quot;highlighter-rouge&quot;&gt;yourgithubusername.github.io&lt;/code&gt; as per the GitHub Pages guide), clone your user repo onto your own machine.  Stay on your &lt;code class=&quot;highlighter-rouge&quot;&gt;master&lt;/code&gt; branch:  you don’t create a &lt;code class=&quot;highlighter-rouge&quot;&gt;gh-pages&lt;/code&gt; branch for a user site.  Download a &lt;a href=&quot;https://github.com/homerhanumat/knitr-lanyon/archive/gh-pages.zip&quot;&gt;zip file&lt;/a&gt; of my &lt;code class=&quot;highlighter-rouge&quot;&gt;gh-pages&lt;/code&gt; branch and extract it into your repo.&lt;/p&gt;

&lt;h2 id=&quot;configuring-my-files-for-your-use&quot;&gt;Configuring My Files for Your Use&lt;/h2&gt;

&lt;p&gt;In the root directory, locate the &lt;code class=&quot;highlighter-rouge&quot;&gt;_config.yml&lt;/code&gt; file.  Make some choices:&lt;/p&gt;

&lt;ul&gt;
  &lt;li&gt;Change the &lt;code class=&quot;highlighter-rouge&quot;&gt;title&lt;/code&gt; and &lt;code class=&quot;highlighter-rouge&quot;&gt;description&lt;/code&gt;.&lt;/li&gt;
  &lt;li&gt;Change the value of &lt;code class=&quot;highlighter-rouge&quot;&gt;baseurl&lt;/code&gt; as per the commented directions.  For a site associated with a repository named &lt;code class=&quot;highlighter-rouge&quot;&gt;myProject&lt;/code&gt;, the base url will be set to “/myProject”.  For a user site, it’s just “”, an empty string.&lt;/li&gt;
  &lt;li&gt;Change the value of &lt;code class=&quot;highlighter-rouge&quot;&gt;baseurlknitr&lt;/code&gt;.  It should always be the same as &lt;code class=&quot;highlighter-rouge&quot;&gt;baseurl&lt;/code&gt;, with the addition of ‘/’ at the end.  So for a project site it’s “/myProject/” and for a user site it’s just “/”.&lt;/li&gt;
  &lt;li&gt;Change &lt;code class=&quot;highlighter-rouge&quot;&gt;url&lt;/code&gt;.  Since you are pushing to Git Hub, it can be &lt;code class=&quot;highlighter-rouge&quot;&gt;https://yourgithubusername.github.io&lt;/code&gt;.&lt;/li&gt;
  &lt;li&gt;Decide if you would like people to be able to comment on your posts.  If you want this, leave &lt;code class=&quot;highlighter-rouge&quot;&gt;disqus&lt;/code&gt; at &lt;code class=&quot;highlighter-rouge&quot;&gt;true&lt;/code&gt; and register at the &lt;a href=&quot;https://disqus.com/&quot;&gt;Disqus.com&lt;/a&gt;.  You will have the opportunity to add Disqus to your site.  Do this.  As part of this process you will be asked to create a &lt;em&gt;shortname&lt;/em&gt; for your site.  Set &lt;code class=&quot;highlighter-rouge&quot;&gt;shortname&lt;/code&gt; accordingly.  If you don’t want commenting, simply set &lt;code class=&quot;highlighter-rouge&quot;&gt;disqus&lt;/code&gt; to &lt;code class=&quot;highlighter-rouge&quot;&gt;false&lt;/code&gt;.&lt;/li&gt;
  &lt;li&gt;Change &lt;code class=&quot;highlighter-rouge&quot;&gt;twitter&lt;/code&gt; and &lt;code class=&quot;highlighter-rouge&quot;&gt;facebook&lt;/code&gt; to &lt;code class=&quot;highlighter-rouge&quot;&gt;false&lt;/code&gt; if you don’t want the Tweet and Facebook buttons for your posts.&lt;/li&gt;
&lt;/ul&gt;

&lt;h3 id=&quot;get-the-packages&quot;&gt;Get the Packages&lt;/h3&gt;

&lt;h3 id=&quot;ruby-and-gems&quot;&gt;Ruby and Gems&lt;/h3&gt;

&lt;p&gt;You will need to install &lt;a href=&quot;https://www.ruby-lang.org/en/downloads/&quot;&gt;Ruby&lt;/a&gt;, and then install the &lt;a href=&quot;http://jekyllrb.com/&quot;&gt;Jekyll&lt;/a&gt; gem and all of the other gems that depend upon it.  It’s best if you install the versions of these gems that Git Hub will use to build your page.  The currently-used versions are listed &lt;a href=&quot;https://pages.github.com/versions/&quot;&gt;here&lt;/a&gt;.&lt;/p&gt;

&lt;p&gt;That seems like a lot to track of, but fortunately the &lt;code class=&quot;highlighter-rouge&quot;&gt;github-pages&lt;/code&gt; gem keeps all your Jekyll-related gems in sync with Git Hub:&lt;/p&gt;

&lt;div class=&quot;highlighter-rouge&quot;&gt;&lt;pre class=&quot;highlight&quot;&gt;&lt;code&gt;sudo gem install github-pages
&lt;/code&gt;&lt;/pre&gt;
&lt;/div&gt;

&lt;p&gt;In order to stay current with Git Hub, update this gem frequently:&lt;/p&gt;

&lt;div class=&quot;highlighter-rouge&quot;&gt;&lt;pre class=&quot;highlight&quot;&gt;&lt;code&gt;sudo gem update github-pages
&lt;/code&gt;&lt;/pre&gt;
&lt;/div&gt;

&lt;p&gt;Updating the &lt;code class=&quot;highlighter-rouge&quot;&gt;github-pages&lt;/code&gt; gem updates Jekyll and all of the Jekyll-related gems, too.&lt;/p&gt;

&lt;h3 id=&quot;the-servr-package&quot;&gt;The servr Package&lt;/h3&gt;

&lt;p&gt;You’ll need Yihui Xie’s &lt;code class=&quot;highlighter-rouge&quot;&gt;servr&lt;/code&gt; package.  In R, run:&lt;/p&gt;

&lt;figure class=&quot;highlight&quot;&gt;&lt;pre&gt;&lt;code class=&quot;language-r&quot; data-lang=&quot;r&quot;&gt;&lt;span class=&quot;n&quot;&gt;install.packages&lt;/span&gt;&lt;span class=&quot;p&quot;&gt;(&lt;/span&gt;&lt;span class=&quot;s2&quot;&gt;&quot;servr&quot;&lt;/span&gt;&lt;span class=&quot;p&quot;&gt;)&lt;/span&gt;&lt;/code&gt;&lt;/pre&gt;&lt;/figure&gt;

&lt;h2 id=&quot;authoring&quot;&gt;Authoring&lt;/h2&gt;

&lt;p&gt;From the &lt;code class=&quot;highlighter-rouge&quot;&gt;_source&lt;/code&gt; folder, find an R Markdown document and open it.  You’ll see YAML front-matter at the beginning, like this:&lt;/p&gt;

&lt;figure class=&quot;highlight&quot;&gt;&lt;pre&gt;&lt;code class=&quot;language-r&quot; data-lang=&quot;r&quot;&gt;&lt;span class=&quot;n&quot;&gt;layout&lt;/span&gt;&lt;span class=&quot;o&quot;&gt;:&lt;/span&gt;&lt;span class=&quot;w&quot;&gt;  &lt;/span&gt;&lt;span class=&quot;n&quot;&gt;post&lt;/span&gt;&lt;span class=&quot;w&quot;&gt;
&lt;/span&gt;&lt;span class=&quot;n&quot;&gt;title&lt;/span&gt;&lt;span class=&quot;o&quot;&gt;:&lt;/span&gt;&lt;span class=&quot;w&quot;&gt; &lt;/span&gt;&lt;span class=&quot;s2&quot;&gt;&quot;Sample Post&quot;&lt;/span&gt;&lt;span class=&quot;w&quot;&gt;
&lt;/span&gt;&lt;span class=&quot;n&quot;&gt;comments&lt;/span&gt;&lt;span class=&quot;o&quot;&gt;:&lt;/span&gt;&lt;span class=&quot;w&quot;&gt;  &lt;/span&gt;&lt;span class=&quot;n&quot;&gt;true&lt;/span&gt;&lt;span class=&quot;w&quot;&gt;
&lt;/span&gt;&lt;span class=&quot;n&quot;&gt;published&lt;/span&gt;&lt;span class=&quot;o&quot;&gt;:&lt;/span&gt;&lt;span class=&quot;w&quot;&gt;  &lt;/span&gt;&lt;span class=&quot;n&quot;&gt;true&lt;/span&gt;&lt;span class=&quot;w&quot;&gt;
&lt;/span&gt;&lt;span class=&quot;n&quot;&gt;author&lt;/span&gt;&lt;span class=&quot;o&quot;&gt;:&lt;/span&gt;&lt;span class=&quot;w&quot;&gt; &lt;/span&gt;&lt;span class=&quot;s2&quot;&gt;&quot;Homer White&quot;&lt;/span&gt;&lt;span class=&quot;w&quot;&gt;
&lt;/span&gt;&lt;span class=&quot;n&quot;&gt;date&lt;/span&gt;&lt;span class=&quot;o&quot;&gt;:&lt;/span&gt;&lt;span class=&quot;w&quot;&gt; &lt;/span&gt;&lt;span class=&quot;m&quot;&gt;2015-12-12&lt;/span&gt;&lt;span class=&quot;w&quot;&gt; &lt;/span&gt;&lt;span class=&quot;m&quot;&gt;20&lt;/span&gt;&lt;span class=&quot;o&quot;&gt;:&lt;/span&gt;&lt;span class=&quot;m&quot;&gt;00&lt;/span&gt;&lt;span class=&quot;o&quot;&gt;:&lt;/span&gt;&lt;span class=&quot;m&quot;&gt;00&lt;/span&gt;&lt;span class=&quot;w&quot;&gt;
&lt;/span&gt;&lt;span class=&quot;n&quot;&gt;categories&lt;/span&gt;&lt;span class=&quot;o&quot;&gt;:&lt;/span&gt;&lt;span class=&quot;w&quot;&gt; &lt;/span&gt;&lt;span class=&quot;p&quot;&gt;[&lt;/span&gt;&lt;span class=&quot;n&quot;&gt;R&lt;/span&gt;&lt;span class=&quot;p&quot;&gt;]&lt;/span&gt;&lt;span class=&quot;w&quot;&gt;
&lt;/span&gt;&lt;span class=&quot;n&quot;&gt;output&lt;/span&gt;&lt;span class=&quot;o&quot;&gt;:&lt;/span&gt;&lt;span class=&quot;w&quot;&gt;
  &lt;/span&gt;&lt;span class=&quot;n&quot;&gt;html_document&lt;/span&gt;&lt;span class=&quot;o&quot;&gt;:&lt;/span&gt;&lt;span class=&quot;w&quot;&gt;
    &lt;/span&gt;&lt;span class=&quot;n&quot;&gt;mathjax&lt;/span&gt;&lt;span class=&quot;o&quot;&gt;:&lt;/span&gt;&lt;span class=&quot;w&quot;&gt;  &lt;/span&gt;&lt;span class=&quot;n&quot;&gt;default&lt;/span&gt;&lt;span class=&quot;w&quot;&gt;
    &lt;/span&gt;&lt;span class=&quot;n&quot;&gt;fig_caption&lt;/span&gt;&lt;span class=&quot;o&quot;&gt;:&lt;/span&gt;&lt;span class=&quot;w&quot;&gt;  &lt;/span&gt;&lt;span class=&quot;n&quot;&gt;true&lt;/span&gt;&lt;/code&gt;&lt;/pre&gt;&lt;/figure&gt;

&lt;p&gt;Set the title, author and date as you wish.  If your post has categories, list them, for example:&lt;/p&gt;

&lt;div class=&quot;highlighter-rouge&quot;&gt;&lt;pre class=&quot;highlight&quot;&gt;&lt;code&gt;categories:  [R, 'Marsupial Studies']
&lt;/code&gt;&lt;/pre&gt;
&lt;/div&gt;

&lt;p&gt;Note that mutli-word category-names are quoted.&lt;/p&gt;

&lt;p&gt;Save the post using the date-and-title format:&lt;/p&gt;

&lt;blockquote&gt;
  &lt;p&gt;&lt;code class=&quot;highlighter-rouge&quot;&gt;year-mm-dd-your-brief-post-title.Rmd&lt;/code&gt;&lt;/p&gt;
&lt;/blockquote&gt;

&lt;p&gt;Write your post.  As you go, you can run the R command:&lt;/p&gt;

&lt;figure class=&quot;highlight&quot;&gt;&lt;pre&gt;&lt;code class=&quot;language-r&quot; data-lang=&quot;r&quot;&gt;&lt;span class=&quot;n&quot;&gt;servr&lt;/span&gt;&lt;span class=&quot;o&quot;&gt;::&lt;/span&gt;&lt;span class=&quot;n&quot;&gt;jekyll&lt;/span&gt;&lt;span class=&quot;p&quot;&gt;()&lt;/span&gt;&lt;/code&gt;&lt;/pre&gt;&lt;/figure&gt;

&lt;p&gt;If you are using R Studio then the site will show up in the Viewer.  Every time you save a change to your draft post, the site will re-build, so you can preview your change in real time.  That’s the genius of Yihui Xie.&lt;/p&gt;

&lt;p&gt;The post will be rendered using the Ruby gem &lt;code class=&quot;highlighter-rouge&quot;&gt;kramdown&lt;/code&gt;.  Look in my &lt;code class=&quot;highlighter-rouge&quot;&gt;sample-post&lt;/code&gt; for examples of inline and displayed mathematics.  Otherwise you can write pretty much as you normally do in R Markdown.&lt;/p&gt;

&lt;p&gt;When you are happy with your post, commit your changes and push your &lt;code class=&quot;highlighter-rouge&quot;&gt;gh-pages&lt;/code&gt; branch to Git Hub.  You can view your site online at:&lt;/p&gt;

&lt;blockquote&gt;
  &lt;p&gt;https://yourgithubusername.github.io/yourProjectName&lt;/p&gt;
&lt;/blockquote&gt;

&lt;p&gt;&lt;strong&gt;Note on Compatibility&lt;/strong&gt;:  If for one reason or another you had already installed Jekyll prior to working with this post, then it’s probably a version different from the one currently used by GitHub.  If you want to keep that other version around then you will need to tell &lt;code class=&quot;highlighter-rouge&quot;&gt;servr::jekyll()&lt;/code&gt; to build your site with the Github-compatible version.  Suppose, for example that the correct version is Jekyll-3.2.1.  Then to preview you would run:&lt;/p&gt;

&lt;figure class=&quot;highlight&quot;&gt;&lt;pre&gt;&lt;code class=&quot;language-r&quot; data-lang=&quot;r&quot;&gt;&lt;span class=&quot;n&quot;&gt;servr&lt;/span&gt;&lt;span class=&quot;o&quot;&gt;::&lt;/span&gt;&lt;span class=&quot;n&quot;&gt;jekyll&lt;/span&gt;&lt;span class=&quot;p&quot;&gt;(&lt;/span&gt;&lt;span class=&quot;n&quot;&gt;command&lt;/span&gt;&lt;span class=&quot;w&quot;&gt; &lt;/span&gt;&lt;span class=&quot;o&quot;&gt;=&lt;/span&gt;&lt;span class=&quot;w&quot;&gt; &lt;/span&gt;&lt;span class=&quot;s1&quot;&gt;'jekyll _3.2.1_ build'&lt;/span&gt;&lt;span class=&quot;p&quot;&gt;)&lt;/span&gt;&lt;/code&gt;&lt;/pre&gt;&lt;/figure&gt;

&lt;h2 id=&quot;further-customization&quot;&gt;Further Customization&lt;/h2&gt;

&lt;p&gt;Make the site entirely your own by erasing my posts.  Delete the unwanted R Markdown sources, and delete their processed Markdown derivatives from the &lt;code class=&quot;highlighter-rouge&quot;&gt;_posts&lt;/code&gt; folder.&lt;/p&gt;

&lt;p&gt;Styling is provided from Mark Otto’s excellent Hyde project.  Hyde comes with eight themes, and you can put the sidebar on the right if you like.  Consult the &lt;a href=&quot;https://github.com/poole/lanyon&quot;&gt;Lanyon project&lt;/a&gt; README to learn how to make these changes.&lt;/p&gt;

&lt;p&gt;If you know a bit of CSS then you might want to play around with the  &lt;code class=&quot;highlighter-rouge&quot;&gt;public/css/custom.css&lt;/code&gt; file.&lt;/p&gt;

&lt;p&gt;Eventually you should learn more about Jekyll and the &lt;a href=&quot;http://liquidmarkup.org/&quot;&gt;Liquid&lt;/a&gt; templating system that Jekyll supports.  Then you can customize the site even further:&lt;/p&gt;

&lt;ul&gt;
  &lt;li&gt;adding or taking away sidebar widgets&lt;/li&gt;
  &lt;li&gt;displaying author names&lt;/li&gt;
  &lt;li&gt;using draft posts&lt;/li&gt;
&lt;/ul&gt;

&lt;p&gt;and more.  Happy blogging!&lt;/p&gt;
</content>
 </entry>
 
 <entry>
   <title>Sample Post</title>
   <link href="http://localhost:4000/2015/12/12/sample-post.html"/>
   <updated>2015-12-12T21:00:00+01:00</updated>
   <id>http://localhost:4000/2015/12/12/sample-post</id>
   <content type="html">&lt;p&gt;This is an R Markdown document. Markdown is a simple formatting syntax for authoring HTML, PDF, and MS Word documents. For more details on using R Markdown see &lt;a href=&quot;http://rmarkdown.rstudio.com&quot;&gt;http://rmarkdown.rstudio.com&lt;/a&gt;.&lt;/p&gt;

&lt;p&gt;When you click the &lt;strong&gt;Knit&lt;/strong&gt; button a document will be generated that includes both content as well as the output of any embedded R code chunks within the document. You can embed an R code chunk like this:&lt;/p&gt;

&lt;figure class=&quot;highlight&quot;&gt;&lt;pre&gt;&lt;code class=&quot;language-r&quot; data-lang=&quot;r&quot;&gt;&lt;span class=&quot;n&quot;&gt;summary&lt;/span&gt;&lt;span class=&quot;p&quot;&gt;(&lt;/span&gt;&lt;span class=&quot;n&quot;&gt;cars&lt;/span&gt;&lt;span class=&quot;p&quot;&gt;)&lt;/span&gt;&lt;/code&gt;&lt;/pre&gt;&lt;/figure&gt;

&lt;figure class=&quot;highlight&quot;&gt;&lt;pre&gt;&lt;code class=&quot;language-text&quot; data-lang=&quot;text&quot;&gt;##      speed           dist       
##  Min.   : 4.0   Min.   :  2.00  
##  1st Qu.:12.0   1st Qu.: 26.00  
##  Median :15.0   Median : 36.00  
##  Mean   :15.4   Mean   : 42.98  
##  3rd Qu.:19.0   3rd Qu.: 56.00  
##  Max.   :25.0   Max.   :120.00&lt;/code&gt;&lt;/pre&gt;&lt;/figure&gt;

&lt;p&gt;You can also embed plots, for example:&lt;/p&gt;

&lt;p&gt;&lt;img src=&quot;/knitr-lanyon/figure/source/2015-12-12-sample-post/unnamed-chunk-3-1.png&quot; alt=&quot;plot of chunk unnamed-chunk-3&quot; /&gt;&lt;/p&gt;

&lt;p class=&quot;figcaption&quot;&gt;Here is a plot for you.&lt;/p&gt;

&lt;p&gt;The border around the graph above is due to custom CSS for this site (see &lt;code class=&quot;highlighter-rouge&quot;&gt;public/css/custom.css&lt;/code&gt;).  The caption was produced with some HTML:&lt;/p&gt;

&lt;blockquote&gt;
  &lt;p&gt;&lt;code class=&quot;highlighter-rouge&quot;&gt;&amp;lt;p class = &quot;figcaption&quot;&amp;gt;Here is a plot for you.&amp;lt;/p&amp;gt;&lt;/code&gt;&lt;/p&gt;
&lt;/blockquote&gt;

&lt;p&gt;You can write mathematics, of course, but the syntax will be a bit different from R Markdown.  Here’s some inline math:  &lt;script type=&quot;math/tex&quot;&gt;\pi/2 \approx 1.57&lt;/script&gt;.  There is displayed math as well:&lt;/p&gt;

&lt;script type=&quot;math/tex; mode=display&quot;&gt;\sum_{i=1}^{n} i = \frac{n(n+1)}{2}.&lt;/script&gt;

&lt;p&gt;Here’s the source so you can see how the above worked:&lt;/p&gt;

&lt;figure class=&quot;highlight&quot;&gt;&lt;pre&gt;&lt;code class=&quot;language-r&quot; data-lang=&quot;r&quot;&gt;&lt;span class=&quot;n&quot;&gt;You&lt;/span&gt;&lt;span class=&quot;w&quot;&gt; &lt;/span&gt;&lt;span class=&quot;n&quot;&gt;can&lt;/span&gt;&lt;span class=&quot;w&quot;&gt; &lt;/span&gt;&lt;span class=&quot;n&quot;&gt;write&lt;/span&gt;&lt;span class=&quot;w&quot;&gt; &lt;/span&gt;&lt;span class=&quot;n&quot;&gt;mathematics&lt;/span&gt;&lt;span class=&quot;p&quot;&gt;,&lt;/span&gt;&lt;span class=&quot;w&quot;&gt; &lt;/span&gt;&lt;span class=&quot;n&quot;&gt;of&lt;/span&gt;&lt;span class=&quot;w&quot;&gt; &lt;/span&gt;&lt;span class=&quot;n&quot;&gt;course&lt;/span&gt;&lt;span class=&quot;p&quot;&gt;,&lt;/span&gt;&lt;span class=&quot;w&quot;&gt; &lt;/span&gt;&lt;span class=&quot;n&quot;&gt;but&lt;/span&gt;&lt;span class=&quot;w&quot;&gt; &lt;/span&gt;&lt;span class=&quot;n&quot;&gt;the&lt;/span&gt;&lt;span class=&quot;w&quot;&gt; &lt;/span&gt;&lt;span class=&quot;n&quot;&gt;syntax&lt;/span&gt;&lt;span class=&quot;w&quot;&gt; &lt;/span&gt;&lt;span class=&quot;n&quot;&gt;will&lt;/span&gt;&lt;span class=&quot;w&quot;&gt; &lt;/span&gt;&lt;span class=&quot;n&quot;&gt;be&lt;/span&gt;&lt;span class=&quot;w&quot;&gt; &lt;/span&gt;&lt;span class=&quot;n&quot;&gt;a&lt;/span&gt;&lt;span class=&quot;w&quot;&gt; &lt;/span&gt;&lt;span class=&quot;n&quot;&gt;bit&lt;/span&gt;&lt;span class=&quot;w&quot;&gt; &lt;/span&gt;&lt;span class=&quot;n&quot;&gt;different&lt;/span&gt;&lt;span class=&quot;w&quot;&gt; &lt;/span&gt;&lt;span class=&quot;n&quot;&gt;from&lt;/span&gt;&lt;span class=&quot;w&quot;&gt; &lt;/span&gt;&lt;span class=&quot;n&quot;&gt;R&lt;/span&gt;&lt;span class=&quot;w&quot;&gt; &lt;/span&gt;&lt;span class=&quot;n&quot;&gt;Markdown.&lt;/span&gt;&lt;span class=&quot;w&quot;&gt;  &lt;/span&gt;&lt;span class=&quot;n&quot;&gt;Here&lt;/span&gt;&lt;span class=&quot;s1&quot;&gt;'s some inline math:  $$ \pi/2 \approx 1.57 $$.  There is displayed math as well:

$$ \sum_{i=1}^{n} i = \frac{n(n+1)}{2}.$$

Here'&lt;/span&gt;&lt;span class=&quot;n&quot;&gt;s&lt;/span&gt;&lt;span class=&quot;w&quot;&gt; &lt;/span&gt;&lt;span class=&quot;n&quot;&gt;the&lt;/span&gt;&lt;span class=&quot;w&quot;&gt; &lt;/span&gt;&lt;span class=&quot;n&quot;&gt;source&lt;/span&gt;&lt;span class=&quot;w&quot;&gt; &lt;/span&gt;&lt;span class=&quot;n&quot;&gt;...&lt;/span&gt;&lt;/code&gt;&lt;/pre&gt;&lt;/figure&gt;

&lt;p&gt;Happy blogging.&lt;/p&gt;
</content>
 </entry>
 

</feed>
